F,k₋f,k₋s,ka,k₋a
0.0,15.045128441911805,0.3146703668459244,5.72754681752503,28.021997350990432
0.1,15.04512844530465,0.317654593802414,5.727546908927849,27.24964321224353
0.2,15.045128448697493,0.3206671221544787,5.727547000330668,26.49857702482171
0.3,15.045128452090339,0.32370822030294816,5.72754709173349,25.768212041209964
0.4,15.045128455483182,0.3267781591940746,5.727547183136313,25.05797768607636
0.5,15.045128458876027,0.3298772123436726,5.727547274539137,24.367319110527514
0.6,15.045128462268872,0.3330056558614877,5.7275473659419625,23.69569675864983
0.7,15.045128465661715,0.33616376847579676,5.72754745734479,23.04258594599793
0.8,15.04512846905456,0.3393518315582408,5.727547548747619,22.407476449700958
0.9,15.045128472447406,0.3425701291488941,5.727547640150449,21.78987210986654
1.0,15.045128475840249,0.3458189479815706,5.72754773155328,21.18929044197104
1.1,15.045128479233094,0.34909857750937046,5.727547822956113,20.60526225993326
1.2,15.045128482625937,0.3524093099304686,5.727547914358947,20.037331309577134
1.3,15.045128486018783,0.35575144021414834,5.727548005761784,19.485053912197117
1.4,15.045128489411628,0.3591252661270819,5.727548097164622,18.94799861794772
1.5,15.045128492804471,0.362531088259859,5.72754818856746,18.425745868786528
1.6,15.045128496197316,0.3659692100537689,5.727548279970301,17.917887670707263
1.7,15.045128499590161,0.3694399378278349,5.727548371373143,17.424027275006964
1.8,15.045128502983005,0.3729435808061059,5.727548462775986,16.943778868338164
1.9,15.04512850637585,0.3764804511452068,5.727548554178831,16.476767271304
2.0,15.045128509768693,0.38005086396214993,5.727548645581677,16.02262764536076
2.1,15.045128513161542,0.38365513736241064,5.727548736984524,15.581005207798952
2.2,15.045128516554387,0.3872935924682682,5.7275488283873734,15.151554954580112
2.3,15.04512851994723,0.39096655344741693,5.727548919790225,14.733941390812953
2.4,15.045128523340075,0.39467434754184755,5.7275490111930765,14.327838268658224
2.5,15.045128526732919,0.3984173050970025,5.727549102595929,13.932928332457577
2.6,15.045128530125764,0.4021957595912085,5.727549193998785,13.548903070887231
2.7,15.045128533518609,0.40601004766538734,5.727549285401641,13.175462475942972
2.8,15.045128536911452,0.4098605091530494,5.727549376804499,12.812314808568027
2.9,15.045128540304297,0.41374748711057013,5.727549468207358,12.459176370740863
3.0,15.045128543697142,0.4176713278477559,5.727549559610218,12.115771283844756
3.1,15.045128547089986,0.42163238095869715,5.7275496510130814,11.78183127314607
3.2,15.045128550482831,0.42563099935291643,5.7275497424159445,11.457095458212791
3.3,15.045128553875674,0.4296675392868103,5.72754983381881,11.141310149109684
3.4,15.04512855726852,0.4337423603953899,5.727549925221677,10.834228648210763
3.5,15.045128560661365,0.43785582572432297,5.727550016624545,10.535611057474316
3.6,15.045128564054208,0.44200830176227907,5.7275501080274145,10.24522409102989
3.7,15.045128567447053,0.44620015847358185,5.7275501994302855,9.962840892930817
3.8,15.045128570839898,0.4504317693311711,5.7275502908331575,9.688240859929959
3.9,15.045128574232741,0.4547035113498772,5.727550382236032,9.421209469140134
4.0,15.045128577625587,0.45901576512001124,5.727550473638908,9.161538110444686
4.1,15.04512858101843,0.4633689148412735,5.727550565041785,8.909023923527199
4.2,15.045128584411275,0.46776334835698413,5.727550656444663,8.663469639393051
4.3,15.04512858780412,0.4721994571886373,5.727550747847542,8.424683426259074
4.4,15.045128591196963,0.47667763657078455,5.727550839250423,8.192478739690802
4.5,15.045128594589809,0.4811982854862472,5.7275509306533054,7.966674176870354
4.6,15.045128597982654,0.48576180670166497,5.72755102205619,7.747093334881003
4.7,15.045128601375497,0.49036860680337907,5.727551113459076,7.533564672897796
4.8,15.045128604768342,0.49501909623365775,5.727551204861963,7.325921378176537
4.9,15.045128608161185,0.4997136893272647,5.727551296264851,7.124001235736404
5.0,15.04512861155403,0.5044528043483734,5.727551387667741,6.927646501634462
5.1,15.045128614946876,0.5092368635278332,5.727551479070632,6.7367037797330305
5.2,15.045128618339719,0.5140662931007871,5.727551570473525,6.551023901863623
5.3,15.045128621732564,0.518941523344648,5.7275516618764195,6.370461811293895
5.4,15.04512862512541,0.5238629886174335,5.727551753279315,6.194876449406477
5.5,15.045128628518256,0.5288311273964652,5.727551844682212,6.024130645501257
5.6,15.045128631911101,0.5338463823174349,5.727551936085111,5.858091009634955
5.7,15.045128635303945,0.5389092002138408,5.727552027488011,5.696627828414304
5.8,15.04512863869679,0.5440200321567986,5.727552118890912,5.539614963661426
5.9,15.045128642089635,0.5491793334952294,5.727552210293816,5.386929753872234
6.0,15.045128645482478,0.5543875638964286,5.727552301696721,5.238452918390875
6.1,15.045128648875323,0.5596451873870206,5.727552393099626,5.094068464225371
6.2,15.045128652268167,0.5649526723943006,5.727552484502533,4.953663595431625
6.3,15.045128655661012,0.5703104917879692,5.727552575905443,4.817128624995042
6.4,15.045128659053857,0.575719122922263,5.727552667308354,4.684356889140903
6.5,15.0451286624467,0.5811790476784839,5.727552758711265,4.555244664006541
6.6,15.045128665839545,0.5866907525079328,5.727552850114179,4.429691084610252
6.7,15.04512866923239,0.5922547284752492,5.727552941517093,4.3075980660535995
6.8,15.045128672625234,0.5978714713021632,5.727553032920009,4.188870226895587
6.9,15.045128676018079,0.6035414814116619,5.7275531243229265,4.0734148146388245
7.0,15.045128679410922,0.6092652639725735,5.7275532157258455,3.9611416332694733
7.1,15.045128682803767,0.6150433289445764,5.727553307128766,3.8519629727943605
7.2,15.045128686196612,0.6208761911236332,5.727553398531689,3.745793540720224
7.3,15.045128689589456,0.6267643701878569,5.727553489934611,3.642550395421576
7.4,15.045128692982301,0.6327083907438111,5.727553581337537,3.542152881345065
7.5,15.045128696375146,0.6387087823732503,5.727553672740464,3.444522565999808
7.6,15.04512869976799,0.6447660796803024,5.727553764143392,3.3495831786843997
7.7,15.045128703160835,0.6508808223390996,5.72755385554632,3.257260550902749
7.8,15.045128706553678,0.6570535551418599,5.727553946949251,3.1674825584222157
7.9,15.045128709946523,0.6632848280474265,5.727554038352184,3.080179064928753
8.0,15.045128713339368,0.6695751962302651,5.727554129755117,2.995281867235055
8.1,15.045128716732211,0.6759252201299274,5.727554221158052,2.912724641998905
8.2,15.04512872012506,0.6823354655009843,5.727554312560989,2.832442893910081
8.3,15.045128723517903,0.6888065034634311,5.727554403963928,2.7543739053053686
8.4,15.045128726910749,0.69533891055357,5.727554495366867,2.678456687172313
8.5,15.045128730303594,0.7019332687753791,5.727554586769808,2.6046319315033974
8.6,15.045128733696437,0.708590165652364,5.72755467817275,2.532841964963491
8.7,15.045128737089282,0.7153101942799043,5.727554769575695,2.4630307038343044
8.8,15.045128740482127,0.7220939533780947,5.727554860978639,2.3951436102007047
8.9,15.04512874387497,0.7289420473450877,5.7275549523815865,2.329127649344641
9.0,15.045128747267816,0.7358550863109433,5.727555043784535,2.264931248313378
9.1,15.045128750660659,0.7428336861919875,5.727555135187485,2.2025042556297105
9.2,15.045128754053504,0.749878468745688,5.727555226590436,2.1417979021126548
9.3,15.04512875744635,0.7569900616260491,5.727555317993388,2.082764762778006
9.4,15.045128760839193,0.7641690984395324,5.727555409396342,2.025358719789034
9.5,15.045128764232038,0.7714162188015087,5.727555500799299,1.96953492642832
9.6,15.045128767624881,0.7787320683932432,5.727555592202256,1.9152497720626291
9.7,15.045128771017726,0.786117299019424,5.727555683605214,1.8624608480734437
9.8,15.045128774410571,0.7935725686662327,5.727555775008174,1.8111269147265128
9.9,15.045128777803415,0.801098541559969,5.727555866411135,1.7612078689545845
10.0,15.04512878119626,0.8086958882262293,5.727555957814098,1.7126647130281
10.1,15.045128784589105,0.8163652855496472,5.727556049217063,1.665459524089408
10.2,15.045128787981948,0.8241074168342002,5.7275561406200275,1.6195554245266977
10.3,15.045128791374793,0.8319229718640891,5.727556232022995,1.5749165531644818
10.4,15.045128794767637,0.8398126469651938,5.727556323425965,1.5315080372481598
10.5,15.045128798160485,0.8477771450671127,5.727556414828935,1.4892959652007354
10.6,15.04512880155333,0.8558171757657892,5.727556506231906,1.4482473601304333
10.7,15.045128804946174,0.863933455386735,5.727556597634879,1.408330154068516
10.8,15.045128808339019,0.8721267070488489,5.727556689037853,1.3695131629171533
10.9,15.045128811731862,0.880397660728844,5.727556780440829,1.33176606208781
11.0,15.045128815124707,0.888747053326285,5.727556871843807,1.2950593628110785
11.1,15.045128818517552,0.897175628729242,5.727556963246785,1.2593643890994806
11.2,15.045128821910396,0.9056841378805669,5.7275570546497665,1.2246532553452316
11.3,15.045128825303241,0.914273338844799,5.727557146052749,1.1908988445354565
11.4,15.045128828696086,0.922943996875704,5.727557237455732,1.1580747870678558
11.5,15.04512883208893,0.9316968844844549,5.727557328858715,1.1261554401502576
11.6,15.045128835481774,0.9405327815084579,5.727557420261702,1.095115867767968
11.7,15.045128838874618,0.9494524751808336,5.72755751166469,1.064931821203275
11.8,15.045128842267463,0.9584567602005534,5.72755760306768,1.0355797200918762
11.9,15.045128845660308,0.9675464388032438,5.72755769447067,1.007036634001439
12.0,15.045128849053151,0.976722320832663,5.727557785873662,0.9792802645179027
12.1,15.045128852445997,0.9859852238128509,5.727557877276656,0.952288927825523
12.2,15.045128855838842,0.9953359730209689,5.727557968679651,0.9260415377670518
12.3,15.045128859231685,1.004775401560827,5.7275580600826475,0.9005175893708237
12.4,15.04512886262453,1.0143043504371083,5.7275581514856455,0.8756971428318705
12.5,15.045128866017373,1.0239236686302993,5.7275582428886445,0.8515608079345607
12.6,15.045128869410222,1.0336342131723293,5.727558334291645,0.8280897289045835
12.7,15.045128872803067,1.0434368492229273,5.727558425694648,0.8052655696784514
12.8,15.04512887619591,1.0533324501467043,5.727558517097651,0.7830704995790124
12.9,15.045128879588756,1.0633218975909633,5.727558608500656,0.7614871793857757
13.0,15.045128882981599,1.0734060815642523,5.727558699903663,0.7404987477891778
13.1,15.045128886374444,1.083585900515658,5.727558791306671,0.7200888082181982
13.2,15.04512888976729,1.0938622614148534,5.72755888270968,0.7002414160310386
13.3,15.045128893160133,1.1042360798329038,5.727558974112692,0.6809410660588605
13.4,15.045128896552978,1.11470828002384,5.727559065515703,0.662172680492844
13.5,15.045128899945823,1.1252797950070037,5.727559156918718,0.6439215971051102
13.6,15.045128903338666,1.1359515666501758,5.727559248321734,0.6261735577943055
13.7,15.045128906731511,1.1467245457534925,5.727559339724751,0.6089146974468931
13.8,15.045128910124355,1.157599692134154,5.727559431127768,0.5921315331054581
13.9,15.0451289135172,1.1685779747119422,5.727559522530789,0.5758109534355589
14.0,15.045128916910045,1.1796603715955452,5.727559613933809,0.5599402084828963
14.1,15.045128920302888,1.1908478701697012,5.727559705336832,0.5445068997128033
14.2,15.045128923695733,1.2021414671831716,5.727559796739857,0.5294989703242667
14.3,15.045128927088578,1.2135421688375432,5.727559888142881,0.5149046958309204
14.4,15.045128930481422,1.2250509908768776,5.727559979545909,0.5007126749016495
14.5,15.04512893387427,1.2366689586782091,5.727560070948938,0.48691182045364734
14.6,15.045128937267114,1.248397107342899,5.727560162351968,0.4734913509909714
14.7,15.045128940659959,1.2602364817888585,5.727560253754999,0.4604407821818281
14.8,15.045128944052804,1.272188136843646,5.727560345158032,0.44774991866800945
14.9,15.045128947445647,1.2842531373384467,5.727560436561067,0.43540884610008257
15.0,15.045128950838492,1.2964325582029421,5.727560527964101,0.42340792339210415
15.1,15.045128954231336,1.3087274845610837,5.7275606193671385,0.4117377751898185
15.2,15.045128957624181,1.321139011827769,5.727560710770178,0.40038928454644684
15.3,15.045128961017026,1.3336682458064388,5.727560802173218,0.38935358580035334
15.4,15.04512896440987,1.3463163027875993,5.72756089357626,0.37862205764901613
15.5,15.045128967802714,1.359084309648275,5.727560984979303,0.36818631641389854
15.6,15.04512897119556,1.3719734039524119,5.727561076382348,0.3580382094909567
15.7,15.045128974588403,1.3849847340522252,5.727561167785394,0.34816980898166544
15.8,15.045128977981248,1.3981194591905128,5.727561259188441,0.3385734054995916
15.9,15.045128981374091,1.4113787496039374,5.72756135059149,0.32924150214767006
16.0,15.045128984766936,1.4247637866272904,5.72756144199454,0.3201668086614824
16.1,15.045128988159782,1.4382757627987397,5.727561533397592,0.31134223571396036
16.2,15.045128991552629,1.4519158819660816,5.727561624800645,0.30276088937706597
16.3,15.045128994945474,1.465685359393997,5.7275617162037005,0.29441606573612
16.4,15.045128998338317,1.4795854218723212,5.727561807606756,0.28630124565257487
16.5,15.045129001731162,1.4936173078253525,5.727561899009814,0.27841008967113473
16.6,15.045129005124007,1.5077822674221817,5.727561990412873,0.2707364330672525
16.7,15.04512900851685,1.5220815626880795,5.727562081815934,0.2632742810311247
16.8,15.045129011909696,1.5365164676169374,5.727562173218995,0.2560178039844299
16.9,15.04512901530254,1.5510882682847695,5.72756226462206,0.24896133302614992
17.0,15.045129018695384,1.565798262964303,5.727562356025125,0.24209935550391226
17.1,15.04512902208823,1.5806477622406383,5.727562447428191,0.23542651070740112
17.2,15.045129025481073,1.5956380891280224,5.727562538831259,0.22893758568046435
17.3,15.045129028873918,1.6107705791877203,5.7275626302343285,0.2226275111486506
17.4,15.045129032266763,1.6260465806470064,5.7275627216373985,0.21649135755899598
17.5,15.045129035659606,1.6414674545192844,5.727562813040471,0.2105243312289574
17.6,15.045129039052451,1.6570345747253492,5.727562904443546,0.20472177060149865
17.7,15.045129042445296,1.6727493282157913,5.727562995846621,0.19907914260338885
17.8,15.04512904583814,1.688613115094572,5.727563087249698,0.19359203910387748
17.9,15.045129049230988,1.7046273487437622,5.727563178652775,0.18825617347097898
18.0,15.045129052623832,1.72079345594947,5.727563270055855,0.18306737722266903
18.1,15.045129056016677,1.7371128770289577,5.727563361458936,0.178021596770389
18.2,15.045129059409522,1.7535870659589665,5.727563452862018,0.17311489025230126
18.3,15.045129062802365,1.7702174905052621,5.727563544265102,0.16834342445383077
18.4,15.04512906619521,1.7870056323534007,5.727563635668188,0.1637034718130837
18.5,15.045129069588054,1.8039529872407427,5.727563727071275,0.15919140750880215
18.6,15.045129072980899,1.821061065089712,5.727563818474363,0.15480370662858553
18.7,15.045129076373744,1.8383313901423257,5.7275639098774525,0.15053694141515853
18.8,15.045129079766587,1.855765501095996,5.727564001280543,0.1463877785885412
18.9,15.045129083159432,1.8733649512406152,5.727564092683637,0.14235297674202607
19.0,15.045129086552276,1.8911313085969552,5.727564184086731,0.13842938380992684
19.1,15.04512908994512,1.90906615605636,5.727564275489827,0.13461393460512555
19.2,15.045129093337966,1.9271710915217792,5.727564366892924,0.13090364842448685
19.3,15.04512909673081,1.9454477280501339,5.727564458296022,0.12729562672027564
19.4,15.045129100123654,1.9638976939960255,5.727564549699122,0.12378705083575522
19.5,15.045129103516501,1.9825226331568222,5.727564641102224,0.12037517980319684
19.6,15.045129106909346,2.0013242049191047,5.727564732505326,0.11705734820258411
19.7,15.045129110302192,2.0203040844065145,5.7275648239084305,0.1138309640793336
19.8,15.045129113695035,2.039463962628998,5.727564915311536,0.11069350691941005
19.9,15.04512911708788,2.058805546633464,5.727565006714643,0.10764252568025194
20.0,15.045129120480725,2.078330559655876,5.727565098117752,0.10467563687596844
20.1,15.045129123873568,2.0980407412747835,5.727565189520863,0.10179052271531547
20.2,15.045129127266414,2.117937847566306,5.727565280923974,0.0989849292909907
20.3,15.045129130659257,2.138023651260594,5.727565372327088,0.09625666481883792
20.4,15.045129134052102,2.1582999418997706,5.727565463730203,0.09360359792558269
20.5,15.045129137444947,2.1787685259973664,5.727565555133318,0.09102365598376133
20.6,15.04512914083779,2.1994312271992764,5.727565646536436,0.08851482349254536
20.7,15.045129144230636,2.2202898864462304,5.727565737939555,0.0860751405031919
20.8,15.04512914762348,2.2413463621378176,5.727565829342675,0.08370270108789404
20.9,15.045129151016328,2.2626025302980586,5.727565920745797,0.08139565185083311
21.0,15.045129154409173,2.2840602847425475,5.7275660121489205,0.07915219048026906
21.1,15.045129157802016,2.3057215372471833,5.727566103552045,0.07697056434054071
21.2,15.045129161194861,2.3275882177185,5.727566194955171,0.07484906910287163
21.3,15.045129164587706,2.3496622743656075,5.727566286358299,0.07278604741391581
21.4,15.04512916798055,2.371945673873773,5.727566377761429,0.07077988760100097
21.5,15.045129171373395,2.3944404015796357,5.727566469164558,0.06882902241305808
21.6,15.045129174766238,2.417148461648097,5.727566560567691,0.06693192779625518
21.7,15.045129178159083,2.4400718772508747,5.727566651970825,0.06508712170337616
21.8,15.045129181551928,2.4632126907467633,5.727566743373959,0.06329316293601693
21.9,15.045129184944772,2.486572963863592,5.727566834777096,0.06154865001869324
22.0,15.045129188337617,2.510154777881923,5.727566926180234,0.05985222010398046
22.1,15.045129191730462,2.5339602338204674,5.7275670175833735,0.05820254790783109
22.2,15.045129195123305,2.5579914526232925,5.727567108986514,0.05659834467423684
22.3,15.045129198516154,2.5822505753487777,5.7275672003896565,0.05503835716842738
22.4,15.045129201908997,2.60673976336037,5.7275672917928,0.05352136669781906
22.5,15.045129205301842,2.631461198519157,5.727567383195946,0.052046188159948346
22.6,15.045129208694688,2.656417083378257,5.727567474599092,0.05061166911664697
22.7,15.04512921208753,2.68160964137905,5.72756756600224,0.04921668889373472
22.8,15.045129215480376,2.707041117049285,5.727567657405389,0.047860157705526915
22.9,15.04512921887322,2.732713776203044,5.727567748808541,0.04654101580347276
23.0,15.045129222266064,2.7586299061426307,5.727567840211693,0.04525823264825892
23.1,15.04512922565891,2.7847918158623344,5.727567931614847,0.04401080610473247
23.2,15.045129229051753,2.8112018362541717,5.727568023018002,0.04279776165901325
23.3,15.045129232444598,2.8378623203155477,5.727568114421159,0.04161815165718467
23.4,15.045129235837443,2.864775643358891,5.727568205824317,0.040471054564968044
23.5,15.045129239230286,2.8919442032232916,5.727568297227478,0.03935557424780218
23.6,15.045129242623132,2.9193704204881317,5.7275683886306386,0.0382708392707654
23.7,15.045129246015978,2.9470567386887416,5.727568480033802,0.03721600221779393
23.8,15.045129249408824,2.9750056245341168,5.727568571436967,0.03619023902966375
23.9,15.045129252801669,3.0032195681266836,5.727568662840131,0.03519274836021964
24.0,15.045129256194512,3.0317010831841515,5.727568754243299,0.03422275095034789
24.1,15.045129259587357,3.0604527072634746,5.727568845646467,0.03327948901920396
24.2,15.0451292629802,3.0894770019869418,5.727568937049637,0.03236222567221932
24.3,15.045129266373046,3.1187765532703913,5.727569028452809,0.03147024432542512
24.4,15.04512926976589,3.148353971553614,5.727569119855981,0.03060284814564283
24.5,15.045129273158734,3.1782118920329268,5.727569211259156,0.029759359506104623
24.6,15.04512927655158,3.2083529748959485,5.7275693026623316,0.02893911945707814
24.7,15.045129279944424,3.238779905558619,5.727569394065509,0.02814148721108211
24.8,15.045129283337268,3.2694953949044514,5.727569485468688,0.02736583964229079
24.9,15.045129286730113,3.3005021795260543,5.727569576871868,0.026611570799735914
25.0,15.04512929012296,3.3318030219689554,5.72756966827505,0.025878091433925974
25.1,15.045129293515805,3.3634007109777273,5.727569759678232,0.025164828536513112
25.2,15.04512929690865,3.395298061744444,5.727569851081418,0.02447122489264776
25.3,15.045129300301493,3.4274979161595134,5.727569942484603,0.023796738645671695
25.4,15.045129303694338,3.4600031430648572,5.72757003388779,0.023140842873808975
25.5,15.045129307087182,3.4928166385095345,5.72757012529098,0.022503025178524434
25.6,15.045129310480027,3.525941326007735,5.72757021669417,0.021882787284228
25.7,15.045129313872872,3.5593801567992758,5.727570308097363,0.021279644649012015
25.8,15.045129317265715,3.593136110112528,5.727570399500555,0.02069312608611782
25.9,15.04512932065856,3.62721219342985,5.72757049090375,0.020122773395835385
26.0,15.045129324051405,3.6616114427555453,5.727570582306947,0.01956814100754882
26.1,15.045129327444249,3.6963369228863554,5.7275706737101455,0.01902879563164796
26.2,15.045129330837097,3.7313917276845,5.727570765113344,0.01850431592103401
26.3,15.04512933422994,3.766778980353358,5.727570856516544,0.017994292141955113
26.4,15.045129337622786,3.802501833715692,5.727570947919746,0.01749832585391431
26.5,15.045129341015631,3.838563470494576,5.72757103932295,0.017016029598400068
26.6,15.045129344408474,3.8749671035969424,5.727571130726155,0.01654702659619617
26.7,15.04512934780132,3.911715976399849,5.727571222129362,0.01609095045303448
26.8,15.045129351194163,3.948813363039434,5.72757131353257,0.015647444873360544
26.9,15.045129354587008,3.9862625687026374,5.727571404935778,0.015216163381988662
27.0,15.045129357979853,4.024066929921669,5.72757149633899,0.014796769053428686
27.1,15.045129361372696,4.062229814871271,5.727571587742202,0.014388934248673277
27.2,15.045129364765542,4.100754623668823,5.727571679145416,0.013992340359239954
27.3,15.045129368158387,4.1396447886772565,5.72757177054863,0.013606677558267903
27.4,15.045129371551234,4.178903774810867,5.727571861951847,0.013231644558475282
27.5,15.045129374944079,4.218535079844025,5.727571953355065,0.012866948376787677
27.6,15.045129378336922,4.258542234722807,5.727572044758285,0.012512304105454054
27.7,15.045129381729767,4.298928803879577,5.727572136161506,0.012167434689471275
27.8,15.045129385122612,4.339698385550574,5.727572227564729,0.011832070710143312
27.9,15.045129388515456,4.380854612096478,5.727572318967953,0.011505950174606174
28.0,15.0451293919083,4.422401150326062,5.727572410371178,0.011188818311153955
28.1,15.045129395301144,4.464341701822846,5.7275725017744055,0.01088042737020622
28.2,15.04512939869399,4.506680003274929,5.727572593177634,0.010580536430761225
28.3,15.045129402086834,4.549419826807887,5.727572684580864,0.01028891121218372
28.4,15.045129405479678,4.5925649803208515,5.727572775984094,0.010005323891180409
28.5,15.045129408872523,4.636119307825781,5.727572867387328,0.009729552923819891
28.6,15.04512941226537,4.680086689789939,5.727572958790562,0.009461382872458296
28.7,15.045129415658215,4.724471043481614,5.727573050193797,0.009200604237435203
28.8,15.04512941905106,4.769276323319154,5.727573141597034,0.00894701329340835
28.9,15.045129422443903,4.814506521223253,5.727573233000273,0.008700411930199561
29.0,15.045129425836748,4.860165666972636,5.727573324403513,0.008460607498027089
29.1,15.045129429229592,4.906257828563074,5.727573415806754,0.008227412657003982
29.2,15.045129432622437,4.952787112569838,5.727573507209997,0.00800064523078442
29.3,15.045129436015282,4.999757664513556,5.727573598613242,0.0077801280642440475
29.4,15.045129439408125,5.047173669229571,5.727573690016488,0.007565688885083005
29.5,15.04512944280097,5.095039351240787,5.727573781419735,0.007357160169243305
29.6,15.045129446193815,5.143358975134043,5.727573872822983,0.007154379010035956
29.7,15.045129449586662,5.192136845940078,5.727573964226234,0.006957186990874988
29.8,15.045129452979507,5.241377309517077,5.7275740556294865,0.00676543006151932
29.9,15.04512945637235,5.291084752937868,5.727574147032739,0.006578958417725794
30.0,15.045129459765196,5.341263604880795,5.727574238435993,0.006397626384219093
30.1,15.045129463158041,5.391918336024285,5.727574329839249,0.006221292300887478
30.2,15.045129466550884,5.443053459445144,5.727574421242506,0.006049818412115065
30.3,15.04512946994373,5.494673531020693,5.7275745126457664,0.005883070759164506
30.4,15.045129473336573,5.546783149834625,5.7275746040490265,0.005720919075525835
30.5,15.045129476729418,5.599386958586799,5.727574695452288,0.0055632366851496836
30.6,15.045129480122263,5.65248964400685,5.727574786855552,0.005409900403485514
30.7,15.045129483515106,5.7060959372717726,5.727574878258817,0.005260790441247479
30.8,15.045129486907955,5.760210614427441,5.727574969662083,0.005115790310832645
30.9,15.045129490300798,5.814838496814118,5.727575061065351,0.00497478673531867
31.0,15.045129493693643,5.86998445149603,5.727575152468619,0.004837669559969607
31.1,15.045129497086489,5.925653391694991,5.7275752438718905,0.004704331666180952
31.2,15.045129500479332,5.981850277228124,5.727575335275163,0.00457466888779644
31.3,15.045129503872177,6.0385801149497995,5.7275754266784356,0.004448579929731447
31.4,15.045129507265022,6.095847959197678,5.727575518081711,0.004325966288839323
31.5,15.045129510657866,6.153658912243052,5.727575609484989,0.00420673217695877
31.6,15.04512951405071,6.212018124745415,5.727575700888266,0.004090784446082293
31.7,15.045129517443554,6.270930796211378,5.727575792291545,0.003978032515587176
31.8,15.045129520836399,6.330402175457896,5.7275758836948265,0.0038683883014721237
31.9,15.045129524229248,6.390437561079929,5.727575975098108,0.0037617661475443124
32.0,15.045129527622091,6.451042301922516,5.727576066501392,0.0036580827585031223
32.1,15.045129531014936,6.512221797557318,5.727576157904677,0.0035572571348682445
32.2,15.04512953440778,6.573981498763711,5.727576249307964,0.00345921050970127
32.3,15.045129537800625,6.636326908014403,5.727576340711252,0.00336386628707147
32.4,15.04512954119347,6.699263579965691,5.7275764321145415,0.003271149982217529
32.5,15.045129544586313,6.7627971219523495,5.7275765235178335,0.0031809891633586135
32.6,15.045129547979158,6.826933194487212,5.7275766149211265,0.0030933133951092755
32.7,15.045129551372003,6.891677511765482,5.727576706324419,0.003008054183453918
32.8,15.045129554764847,6.957035842173864,5.727576797727714,0.002925144922237988
32.9,15.045129558157692,7.023014008804489,5.727576889131012,0.0028445208411338897
33.0,15.045129561550539,7.089617889973703,5.727576980534311,0.0027661189550412125
33.1,15.045129564943384,7.156853419745815,5.72757707193761,0.002689878014881507
33.2,15.045129568336229,7.224726588461789,5.727577163340912,0.0026157384597493075
33.3,15.045129571729072,7.29324344327294,5.727577254744214,0.0025436423703820246
33.4,15.045129575121917,7.362410088679731,5.727577346147519,0.0024735334239122594
33.5,15.04512957851476,7.432232687075616,5.727577437550824,0.002405356849867299
33.6,15.045129581907606,7.502717459296115,5.727577528954131,0.002339059387381367
33.7,15.045129585300451,7.57387068517302,5.727577620357439,0.0022745892435871735
33.8,15.045129588693294,7.645698704093928,5.72757771176075,0.002211896053154355
33.9,15.04512959208614,7.718207915567049,5.727577803164061,0.0021509308389430497
34.0,15.045129595478986,7.7914047797913355,5.727577894567374,0.002091645973742056
34.1,15.045129598871831,7.865295818232079,5.727577985970688,0.0020339951430615004
34.2,15.045129602264677,7.939887614201945,5.727578077374004,0.00197793330895105
34.3,15.04512960565752,8.015186813447484,5.727578168777321,0.0019234166748154156
34.4,15.045129609050365,8.091200124741276,5.727578260180641,0.0018704026511995743
34.5,15.04512961244321,8.1679343204796,5.7275783515839604,0.0018188498225170692
34.6,15.045129615836053,8.245396237285853,5.727578442987283,0.0017687179146953548
34.7,15.045129619228899,8.323592776619648,5.727578534390606,0.0017199677637129006
34.8,15.045129622621742,8.402530905391693,5.727578625793931,0.0016725612850034934
34.9,15.045129626014587,8.48221765658452,5.7275787171972565,0.001626461443703827
35.0,15.045129629407436,8.562660129879076,5.727578808600584,0.001581632225721171
35.1,15.045129632800279,8.64386549228728,5.7275789000039135,0.0015380386095984427
35.2,15.045129636193124,8.725840978790538,5.727578991407244,0.0014956465391547582
35.3,15.045129639585967,8.808593892984385,5.727579082810576,0.0014544228968801005
35.4,15.045129642978813,8.89213160772918,5.7275791742139095,0.0014143354780632592
35.5,15.045129646371658,8.97646156580697,5.727579265617244,0.0013753529656328892
35.6,15.045129649764501,9.061591280584626,5.72757935702058,0.0013374449056920128
35.7,15.045129653157346,9.147528336683248,5.727579448423917,0.001300581683726836
35.8,15.045129656550191,9.234280390653897,5.727579539827257,0.0012647345014713128
35.9,15.045129659943038,9.321855171659783,5.727579631230597,0.001229875354409375
36.0,15.045129663335883,9.410260482164855,5.72757972263394,0.0011959770098972785
36.1,15.045129666728727,9.499504198629005,5.727579814037283,0.0011630129858889173
36.2,15.045129670121572,9.589594272209766,5.727579905440629,0.0011309575302475307
36.3,15.045129673514417,9.680538729470774,5.727579996843975,0.0010997856006276473
36.4,15.04512967690726,9.77234567309688,5.727580088247323,0.001069472844911502
36.5,15.045129680300105,9.865023282616018,5.727580179650673,0.0010399955821847034
36.6,15.045129683692949,9.958579815128008,5.7275802710540225,0.0010113307842362271
36.7,15.045129687085794,10.0530236060402,5.727580362457375,0.000983456057568343
36.8,15.045129690478639,10.148363069810104,5.727580453860729,0.0009563496259023769
36.9,15.045129693871486,10.244606700695122,5.727580545264084,0.0009299903131666389
37.0,15.045129697264331,10.341763073509277,5.727580636667441,0.0009043575269532956
37.1,15.045129700657174,10.439840844387225,5.7275807280708,0.0008794312424311617
37.2,15.04512970405002,10.538848751555484,5.727580819474159,0.0008551919867019103
37.3,15.045129707442864,10.638795616110917,5.727580910877521,0.000831620823587478
37.4,15.045129710835708,10.7396903428067,5.727581002280884,0.000808699338836741
37.5,15.045129714228553,10.841541920845655,5.727581093684246,0.0007864096257399568
37.6,15.045129717621398,10.944359424681165,5.727581185087613,0.000764734271139682
37.7,15.045129721014241,11.04815201482562,5.727581276490979,0.000743656341827285
37.8,15.04512972440709,11.152928938666623,5.727581367894348,0.0007231593713143928
37.9,15.045129727799933,11.25869953129087,5.727581459297718,0.0007032273469689348
38.0,15.045129731192779,11.365473216315836,5.727581550701088,0.0006838446975057878
38.1,15.045129734585624,11.473259506729374,5.727581642104461,0.0006649962808221698
38.2,15.045129737978467,11.582068005737318,5.727581733507836,0.0006466673721683345
38.3,15.045129741371312,11.691908407619007,5.727581824911211,0.0006288436526443182
38.4,15.045129744764155,11.802790498591081,5.727581916314588,0.0006115111980137275
38.5,15.045129748157,11.914724157679291,5.7275820077179675,0.000594656467825864
38.6,15.045129751549846,12.02771935759876,5.727582099121347,0.0005782662948376526
38.7,15.045129754942693,12.141786165642406,5.727582190524728,0.0005623278747271416
38.8,15.045129758335538,12.256934744577968,5.727582281928112,0.0005468287560905165
38.9,15.045129761728381,12.37317535355344,5.727582373331496,0.000531756830714811
39.0,15.045129765121226,12.490518349011056,5.727582464734882,0.0005171003241187522
39.1,15.045129768514071,12.608974185610052,5.727582556138269,0.0005028477863542964
39.2,15.045129771906915,12.728553417158107,5.7275826475416585,0.0004889880830617064
39.3,15.04512977529976,12.849266697551611,5.727582738945048,0.00047551038677117895
39.4,15.045129778692605,12.97112478172493,5.72758283034844,0.00046240416844420826
39.5,15.045129782085448,13.094138526608535,5.727582921751833,0.0004496591892481028
39.6,15.045129785478297,13.218318892096356,5.727583013155228,0.00043726549255720346
39.7,15.04512978887114,13.34367694202225,5.727583104558624,0.00042521339617457944
39.8,15.045129792263985,13.4702238451457,5.727583195962021,0.000413493484768107
39.9,15.04512979565683,13.597970876146924,5.72758328736542,0.0004020966025150206
40.0,15.045129799049674,13.726929416631377,5.727583378768822,0.0003910138459492193
